DROP SCHEMA IF EXISTS bike_rental CASCADE;
CREATE SCHEMA bike_rental AUTHORIZATION DBA;
DROP TABLE IF EXISTS rental_price CASCADE;
CREATE TABLE rental_price
(
    rental_price_id int                                 NOT NULL GENERATED by default as identity,
    date            timestamp DEFAULT CURRENT_TIMESTAMP NOT NULL,
    current_price   decimal(4, 2)                       NOT NULL,
    PRIMARY KEY (rental_price_id)
);

INSERT INTO rental_price VALUES (1, '2019-11-27 14:38:35', 4.20),
       (2, '2019-12-02 23:00:00', 1.50);

DROP TABLE IF EXISTS bike CASCADE;
CREATE TABLE bike
(
    bike_id         integer             NOT NULL GENERATED by default as identity,
    serial_number   varchar(45)         NOT NULL,
    password        varchar(128)        NOT NULL,
    bike_state      integer DEFAULT '0' NOT NULL,
    rental_price_id integer             NOT NULL,
    PRIMARY KEY (bike_id),
    constraint serial_number_unique unique (serial_number),
    CONSTRAINT fk_bike_rental_price_id FOREIGN KEY (rental_price_id) REFERENCES rental_price (rental_price_id)
);

CREATE INDEX rental_price_id_idx on bike (rental_price_id);

INSERT INTO bike VALUES (1, 'Bike01', '123', 0, 1),
       (2, 'Bike02', '123', 0, 1),
       (3, 'Bike03', '123', 0, 1),
       (4, 'TestBike04', 'test04', 0, 2),
       (8, 'TestBike05', 'test05', 0, 2),
       (9, 'TesBike06', 'test06', 0, 2),
       (10, 'TestBike06', 'test06', 0, 1);
DROP TABLE IF EXISTS bike_location CASCADE;
CREATE TABLE bike_location
(
    bike_location_id int           NOT NULL GENERATED by default as identity,
    latitude         decimal(8, 6) NOT NULL,
    longitude        decimal(8, 6) NOT NULL,
    bike_id          int           NOT NULL,
    PRIMARY KEY (bike_location_id),
    constraint bike_id_unique
        unique (bike_id),
    constraint latitude_UNIQUE
        unique (latitude),
    constraint longitude_UNIQUE
        unique (longitude),
    constraint fk_bike_location_bike_id
        foreign key (bike_id) references bike (bike_id)
);

create index bike_id_idx
    on bike_location (bike_id);

INSERT INTO bike_location VALUES (1, 53.886971, 27.420341, 1),
       (2, 53.906576, 27.461981, 2),
       (3, 53.893785, 27.447653, 3),
       (4, 53.885186, 27.504743, 4),
       (5, 53.940266, 27.596013, 8),
       (6, 53.920000, 27.630000, 9),
       (7, 53.956727, 27.693465, 10);

DROP TABLE IF EXISTS user_account CASCADE;
CREATE TABLE user_account
(
    user_id               int          NOT NULL GENERATED by default as identity,
    user_name             varchar(30)  NOT NULL,
    password              varchar(128) NOT NULL,
    enabled               int          DEFAULT '1' NOT NULL,
    reservations_quantity int          DEFAULT '2' NOT NULL,
    PRIMARY KEY (user_id),
    constraint user_name_unique
        unique (user_name)
);

INSERT INTO user_account VALUES (1, 'admin', '$93$16$JhiYMaWCYwX-Yd5w_RcmnhVsEFbNjbv04B72JICnTd0', 1, 2),
                                (2, 'user123', '$93$16$JhiYMaWCYwX-Yd5w_RcmnhVsEFbNjbv04B72JICnTd0', 1, 2),
                                (3, 'user1234', '$93$16$6y1nEYSlY4fbHrEk_3mcIM0gPa6S1-9LqCjJy_phShI', 1, 2),
                                (4, 'user12345', '$93$16$hDz3vUHG2DMeqHCYx1frn9rOgVq-lnS8QB16J5zka6g', 1, 2),
                                (5, 'user123q', '$93$16$2nIc95m3CB66JFntUwfmcf-HnDmYiRRMcNSeo1DQ6o8', 1, 2),
                                (6, 'test01', '$93$16$sl-YqSK5xTRqf5Ik40EP6EvMTMYESO86uki4g5BS9kc', 1, 2),
                                (7, 'test02', '$93$16$K4ANZdfZ72z7rZymOCdxBk5FA739wPvFbKsH6JpuKSE', 1, 2),
                                (8, 'test04', '$93$16$fhC8t4jCjoEfgDTUOtIAi0_-B8mMRBIcFDB-IMR4zGo', 1, 2),
                                (9, 'test06', '$93$16$V9E-iutqi3F0Bvs4jTy1Utiwe7MT1BS_Ux9DkivsSpg', 1, 2),
                                (10, 'test07', '$93$16$4On7zEdYHwt_dAgUzNPBTrTDqxLpR19QqYt5wS9ygTA', 1, 2),
                                (11, 'test08', '$93$16$BX7aIdx4bs80y9DYKMMa-t_aHV_poA-vDArLQ6sZhSs', 1, 2),
                                (12, 'test09', '$93$16$EyThjfsQt_40wW9V8YwuvFUhnYTI01Kry7RDOQ7bZBI', 1, 2),
                                (13, 'test10', '$93$16$z8qum3y7dSp7ECEG7JRyLH2MYRFpZfjePmI5j8SfkEE', 1, 2);


DROP TABLE IF EXISTS rental_information CASCADE;
CREATE TABLE rental_information
(
    rental_id     int           NOT NULL GENERATED by default as identity,
    rental_date   timestamp     NOT NULL,
    distance      decimal(4, 2) NOT NULL,
    start_time    timestamp     NOT NULL,
    end_time      timestamp     NOT NULL,
    calories      int           NOT NULL,
    average_speed decimal(4, 2) NOT NULL,
    rental_price  decimal(4, 2) NOT NULL,
    bike_id       int           NOT NULL,
    user_id       int           NOT NULL,
    PRIMARY KEY (rental_id),
    constraint fk_rental_information_bike_id
        foreign key (bike_id) references bike (bike_id),
    constraint fk_rental_information_user_account_id
        foreign key (user_id) references user_account (user_id)
);

create index bike_id_ri_idx
    on rental_information (bike_id);

create index user_id_ri_idx
    on rental_information (user_id);

INSERT INTO rental_information VALUES (1, '2019-11-15 23:00:00', 12.30, '2019-11-16 15:25:30',
                                       '2019-11-16 16:50:50', 276, 7.50, 1.00, 1, 2);

DROP TABLE IF EXISTS user_roles CASCADE;
CREATE TABLE user_roles
(
    role_id   int         NOT NULL GENERATED by default as identity,
    user_role varchar(45) DEFAULT 'USER' NOT NULL ,
    PRIMARY KEY (role_id),
    constraint user_role_UNIQUE
        unique (user_role)
);

INSERT INTO user_roles VALUES (1, 'ADMIN'),
                              (2, 'USER');

DROP TABLE IF EXISTS role_relation CASCADE;
CREATE TABLE role_relation
(
    user_id int NOT NULL,
    role_id int NOT NULL,
    PRIMARY KEY (user_id, role_id),
    constraint fk_user_has_role_role_id
        foreign key (role_id) references user_roles (role_id)
            on update cascade on delete cascade,
    constraint fk_user_has_role_user_id
        foreign key (user_id) references user_account (user_id)
);


create index role_id_idx
    on role_relation (role_id);

create index user_id_rr_idx
    on role_relation (user_id);

INSERT INTO role_relation VALUES (1, 1),
       (2, 2),
       (3, 2),
       (4, 2),
       (5, 2),
       (6, 2),
       (7, 2),
       (8, 2),
       (9, 2),
       (10, 2),
       (11, 2),
       (12, 2),
       (13, 2);

DROP TABLE IF EXISTS user_info CASCADE;
CREATE TABLE user_info
(
    user_info_id int          NOT NULL GENERATED by default as identity,
    name         varchar(45)  NOT NULL,
    last_name    varchar(45)  NOT NULL,
    email        varchar(129) NOT NULL,
    phone        varchar(14)  NOT NULL,
    user_id      int          NOT NULL,
    PRIMARY KEY (user_info_id),
    constraint email_unique
        unique (email),
    constraint user_id_ui_unique
        unique (user_id),
    constraint fk_user_info_user_account_id
        foreign key (user_id) references user_account (user_id)
);

create index user_id_ui_idx
    on user_info (user_id);

INSERT INTO user_info VALUES (1, 'Сергей', 'Волосевич', 'sergey.volosevich93@gmail.com', '+375293894233', 1),
       (2, 'Иван', 'Иванов', 'ivan.ivanou92@gmail.com', '+375291234567', 2),
       (3, 'Sergey', 'Volosevich', 'trueman230593@gmail.com', '+375293894233', 3),
       (4, 'Сергей', 'Волосевич', 'sergey1.volosevich93@gmail.com', '+375293894233', 4),
       (5, 'Владимир', 'Волосевич', 'vladimir.volosevich68@gmail.com', '+375293894233', 5),
       (6, 'Сергей', 'Волосевич', 'test01@gmail.com', '+375293894233', 6),
       (7, 'Владимир', 'Волосевич', 'test02@gmail.com', '+375291234567', 7),
       (8, 'Николай', 'Иванов', 'test04@gmail.com', '+375291234789', 8),
       (9, 'Сергей', 'Иванов', 'test06@gmail.com', '+375291234567', 9),
       (10, 'Иван', 'Петров', 'test07@gmail.com', '+375293334567', 10),
       (11, 'Сергей', 'Волосевич', 'test08@gmail.com', '+375441234567', 11),
       (12, 'Иван', 'Иванов', 'test09@gmail.com', '+375334567812', 12),
       (13, 'Сергей', 'Волосевич', 'test10@gmail.com', '+375295671234', 13);

DROP TABLE IF EXISTS wallet CASCADE;
CREATE TABLE wallet
(
    wallet_id      int           NOT NULL GENERATED by default as identity,
    current_amount decimal(6, 2) NOT NULL,
    user_id        int           NOT NULL,
    PRIMARY KEY (wallet_id),
    constraint user_id_unique
        unique (user_id),
    constraint fk_wallet_user_account_id
        foreign key (user_id) references user_account (user_id)
);

create index user_id_w_idx on wallet (user_id);

INSERT INTO wallet VALUES (1, 50.50, 2),(2, 20.50, 3);

DROP TABLE IF EXISTS wallet_card CASCADE;
create table wallet_card
(
    wallet_card_id int NOT NULL GENERATED by default as identity,
    card_number varchar(19) not null,
    holder_name varchar(60) not null,
    expire_date date not null,
    cvv int not null,
    wallet_id int not null,
    PRIMARY KEY (wallet_card_id),
    constraint fk_wallet_card_wallet_id
        foreign key (wallet_id) references wallet (wallet_id)
);

create index fk_wallet_card_wallet_id_idx
    on wallet_card (wallet_id);

INSERT INTO wallet_card VALUES (1, '5105 1051 0510 5100', 'sergey volosevich', '2019-12-01',123,1),
                               (2, '5105 1051 0510 5100', 'sergey ivanou', '2019-12-01',123,1);